,employee,companyAlias
0,2,56aec740f1ef260003e307d6
18,3,56aec740f1ef260003e307d6
34,-4,56aec740f1ef260003e307d6
54,4,56aec740f1ef260003e307d6
62,475,56aec740f1ef260003e307d6
86,5,56aec740f1ef260003e307d6
88,6,56aec740f1ef260003e307d6
126,7,56aec740f1ef260003e307d6
140,8,56aec740f1ef260003e307d6
148,10,56aec740f1ef260003e307d6
154,12,56aec740f1ef260003e307d6
194,13,56aec740f1ef260003e307d6
250,16,56aec740f1ef260003e307d6
386,18,56aec740f1ef260003e307d6
612,19,56aec740f1ef260003e307d6
762,20,56aec740f1ef260003e307d6
904,21,56aec740f1ef260003e307d6
974,23,56aec740f1ef260003e307d6
986,24,56aec740f1ef260003e307d6
1108,26,56aec740f1ef260003e307d6
1110,28,56aec740f1ef260003e307d6
1128,29,56aec740f1ef260003e307d6
1134,31,56aec740f1ef260003e307d6
1208,32,56aec740f1ef260003e307d6
1292,33,56aec740f1ef260003e307d6
1364,34,56aec740f1ef260003e307d6
1444,36,56aec740f1ef260003e307d6
1446,38,56aec740f1ef260003e307d6
1452,45,56aec740f1ef260003e307d6
1484,51,56aec740f1ef260003e307d6
1490,52,56aec740f1ef260003e307d6
1574,59,56aec740f1ef260003e307d6
1594,66,56aec740f1ef260003e307d6
1608,68,56aec740f1ef260003e307d6
1610,69,56aec740f1ef260003e307d6
1618,73,56aec740f1ef260003e307d6
1626,74,56aec740f1ef260003e307d6
1632,76,56aec740f1ef260003e307d6
1662,79,56aec740f1ef260003e307d6
1694,83,56aec740f1ef260003e307d6
1724,84,56aec740f1ef260003e307d6
1740,86,56aec740f1ef260003e307d6
1746,87,56aec740f1ef260003e307d6
1750,89,56aec740f1ef260003e307d6
1764,91,56aec740f1ef260003e307d6
1780,92,56aec740f1ef260003e307d6
1784,94,56aec740f1ef260003e307d6
1848,95,56aec740f1ef260003e307d6
1890,96,56aec740f1ef260003e307d6
1900,98,56aec740f1ef260003e307d6
1904,99,56aec740f1ef260003e307d6
1910,100,56aec740f1ef260003e307d6
1954,101,56aec740f1ef260003e307d6
1970,102,56aec740f1ef260003e307d6
1990,103,56aec740f1ef260003e307d6
2032,105,56aec740f1ef260003e307d6
2042,107,56aec740f1ef260003e307d6
2060,108,56aec740f1ef260003e307d6
2114,114,56aec740f1ef260003e307d6
2282,116,56aec740f1ef260003e307d6
2298,117,56aec740f1ef260003e307d6
2304,119,56aec740f1ef260003e307d6
2356,122,56aec740f1ef260003e307d6
2388,124,56aec740f1ef260003e307d6
2582,125,56aec740f1ef260003e307d6
2584,126,56aec740f1ef260003e307d6
2586,128,56aec740f1ef260003e307d6
2630,131,56aec740f1ef260003e307d6
2644,135,56aec740f1ef260003e307d6
2684,136,56aec740f1ef260003e307d6
2698,138,56aec740f1ef260003e307d6
2718,139,56aec740f1ef260003e307d6
2758,140,56aec740f1ef260003e307d6
2768,142,56aec740f1ef260003e307d6
2808,144,56aec740f1ef260003e307d6
2842,147,56aec740f1ef260003e307d6
2860,151,56aec740f1ef260003e307d6
2890,152,56aec740f1ef260003e307d6
2994,155,56aec740f1ef260003e307d6
3002,163,56aec740f1ef260003e307d6
3098,164,56aec740f1ef260003e307d6
3134,166,56aec740f1ef260003e307d6
3140,169,56aec740f1ef260003e307d6
3160,170,56aec740f1ef260003e307d6
3162,171,56aec740f1ef260003e307d6
3170,172,56aec740f1ef260003e307d6
3172,174,56aec740f1ef260003e307d6
3188,181,56aec740f1ef260003e307d6
3190,183,56aec740f1ef260003e307d6
3206,186,56aec740f1ef260003e307d6
3240,194,56aec740f1ef260003e307d6
3262,196,56aec740f1ef260003e307d6
3300,198,56aec740f1ef260003e307d6
3314,199,56aec740f1ef260003e307d6
3328,201,56aec740f1ef260003e307d6
3370,203,56aec740f1ef260003e307d6
3380,206,56aec740f1ef260003e307d6
3422,209,56aec740f1ef260003e307d6
3562,212,56aec740f1ef260003e307d6
3590,213,56aec740f1ef260003e307d6
3680,214,56aec740f1ef260003e307d6
3720,216,56aec740f1ef260003e307d6
3744,217,56aec740f1ef260003e307d6
3772,218,56aec740f1ef260003e307d6
3818,223,56aec740f1ef260003e307d6
3890,225,56aec740f1ef260003e307d6
3902,227,56aec740f1ef260003e307d6
3910,232,56aec740f1ef260003e307d6
3956,236,56aec740f1ef260003e307d6
4002,237,56aec740f1ef260003e307d6
4024,238,56aec740f1ef260003e307d6
4030,240,56aec740f1ef260003e307d6
4044,242,56aec740f1ef260003e307d6
4050,244,56aec740f1ef260003e307d6
4070,245,56aec740f1ef260003e307d6
4112,246,56aec740f1ef260003e307d6
4140,249,56aec740f1ef260003e307d6
4180,250,56aec740f1ef260003e307d6
4206,253,56aec740f1ef260003e307d6
4250,254,56aec740f1ef260003e307d6
4282,255,56aec740f1ef260003e307d6
4340,256,56aec740f1ef260003e307d6
4386,257,56aec740f1ef260003e307d6
4424,259,56aec740f1ef260003e307d6
4426,263,56aec740f1ef260003e307d6
4430,264,56aec740f1ef260003e307d6
4464,266,56aec740f1ef260003e307d6
4466,269,56aec740f1ef260003e307d6
4498,271,56aec740f1ef260003e307d6
4512,272,56aec740f1ef260003e307d6
4528,273,56aec740f1ef260003e307d6
4636,274,56aec740f1ef260003e307d6
4646,275,56aec740f1ef260003e307d6
4662,276,56aec740f1ef260003e307d6
4694,280,56aec740f1ef260003e307d6
4722,282,56aec740f1ef260003e307d6
4726,284,56aec740f1ef260003e307d6
4742,290,56aec740f1ef260003e307d6
4754,291,56aec740f1ef260003e307d6
4810,292,56aec740f1ef260003e307d6
4840,293,56aec740f1ef260003e307d6
4870,294,56aec740f1ef260003e307d6
4900,298,56aec740f1ef260003e307d6
4918,303,56aec740f1ef260003e307d6
4940,304,56aec740f1ef260003e307d6
4958,305,56aec740f1ef260003e307d6
4966,307,56aec740f1ef260003e307d6
5014,308,56aec740f1ef260003e307d6
5082,309,56aec740f1ef260003e307d6
5092,310,56aec740f1ef260003e307d6
5098,311,56aec740f1ef260003e307d6
5100,312,56aec740f1ef260003e307d6
5120,319,56aec740f1ef260003e307d6
5124,326,56aec740f1ef260003e307d6
5160,329,56aec740f1ef260003e307d6
5188,334,56aec740f1ef260003e307d6
5244,335,56aec740f1ef260003e307d6
5270,340,56aec740f1ef260003e307d6
5272,344,56aec740f1ef260003e307d6
5282,346,56aec740f1ef260003e307d6
5304,347,56aec740f1ef260003e307d6
5318,351,56aec740f1ef260003e307d6
5320,353,56aec740f1ef260003e307d6
5324,355,56aec740f1ef260003e307d6
5326,357,56aec740f1ef260003e307d6
5364,359,56aec740f1ef260003e307d6
5366,380,56aec740f1ef260003e307d6
5380,381,56aec740f1ef260003e307d6
5384,382,56aec740f1ef260003e307d6
5386,389,56aec740f1ef260003e307d6
5404,407,56aec740f1ef260003e307d6
5410,421,56aec740f1ef260003e307d6
5440,432,56aec740f1ef260003e307d6
5454,433,56aec740f1ef260003e307d6
5484,436,56aec740f1ef260003e307d6
5508,441,56aec740f1ef260003e307d6
5514,443,56aec740f1ef260003e307d6
5516,444,56aec740f1ef260003e307d6
5518,446,56aec740f1ef260003e307d6
5532,449,56aec740f1ef260003e307d6
5536,450,56aec740f1ef260003e307d6
5546,452,56aec740f1ef260003e307d6
5576,465,56aec740f1ef260003e307d6
5578,469,56aec740f1ef260003e307d6
5582,471,56aec740f1ef260003e307d6
5584,492,56aec740f1ef260003e307d6
5586,2,54d43612e4b0f6a40755d93e
5646,4,54d43612e4b0f6a40755d93e
5702,5,54d43612e4b0f6a40755d93e
5734,12,54d43612e4b0f6a40755d93e
5762,13,54d43612e4b0f6a40755d93e
5772,17,54d43612e4b0f6a40755d93e
5780,19,54d43612e4b0f6a40755d93e
5788,21,54d43612e4b0f6a40755d93e
5794,22,54d43612e4b0f6a40755d93e
5804,-4,5370af43e4b0cff95558c12a
5828,-6,5370af43e4b0cff95558c12a
5832,-7,5370af43e4b0cff95558c12a
5844,-9,5370af43e4b0cff95558c12a
5846,-11,5370af43e4b0cff95558c12a
5888,-12,5370af43e4b0cff95558c12a
5896,-13,5370af43e4b0cff95558c12a
5918,-15,5370af43e4b0cff95558c12a
5920,-16,5370af43e4b0cff95558c12a
5922,-17,5370af43e4b0cff95558c12a
5934,18,5370af43e4b0cff95558c12a
6022,-19,5370af43e4b0cff95558c12a
6068,-20,5370af43e4b0cff95558c12a
6086,20,5370af43e4b0cff95558c12a
6090,-21,5370af43e4b0cff95558c12a
6096,21,5370af43e4b0cff95558c12a
6116,-22,5370af43e4b0cff95558c12a
6120,23,5370af43e4b0cff95558c12a
6124,-24,5370af43e4b0cff95558c12a
6132,-25,5370af43e4b0cff95558c12a
6136,25,5370af43e4b0cff95558c12a
6182,-26,5370af43e4b0cff95558c12a
6198,26,5370af43e4b0cff95558c12a
6204,-27,5370af43e4b0cff95558c12a
6220,27,5370af43e4b0cff95558c12a
6270,28,5370af43e4b0cff95558c12a
6286,-29,5370af43e4b0cff95558c12a
6304,-31,5370af43e4b0cff95558c12a
6326,-32,5370af43e4b0cff95558c12a
6334,32,5370af43e4b0cff95558c12a
6340,33,5370af43e4b0cff95558c12a
6370,-34,5370af43e4b0cff95558c12a
6374,34,5370af43e4b0cff95558c12a
6398,-35,5370af43e4b0cff95558c12a
6400,-36,5370af43e4b0cff95558c12a
6410,37,5370af43e4b0cff95558c12a
6444,-38,5370af43e4b0cff95558c12a
6446,38,5370af43e4b0cff95558c12a
6582,-39,5370af43e4b0cff95558c12a
6602,39,5370af43e4b0cff95558c12a
6648,-40,5370af43e4b0cff95558c12a
6654,40,5370af43e4b0cff95558c12a
6656,-41,5370af43e4b0cff95558c12a
6672,-42,5370af43e4b0cff95558c12a
6684,42,5370af43e4b0cff95558c12a
6686,-43,5370af43e4b0cff95558c12a
6698,43,5370af43e4b0cff95558c12a
6712,-44,5370af43e4b0cff95558c12a
6738,-45,5370af43e4b0cff95558c12a
6742,-46,5370af43e4b0cff95558c12a
6748,48,5370af43e4b0cff95558c12a
6796,-51,5370af43e4b0cff95558c12a
6800,51,5370af43e4b0cff95558c12a
6814,52,5370af43e4b0cff95558c12a
6838,-53,5370af43e4b0cff95558c12a
6850,53,5370af43e4b0cff95558c12a
6934,-54,5370af43e4b0cff95558c12a
6936,54,5370af43e4b0cff95558c12a
6942,-55,5370af43e4b0cff95558c12a
6950,55,5370af43e4b0cff95558c12a
7112,56,5370af43e4b0cff95558c12a
7136,-57,5370af43e4b0cff95558c12a
7140,57,5370af43e4b0cff95558c12a
7148,-58,5370af43e4b0cff95558c12a
7152,-59,5370af43e4b0cff95558c12a
7156,-60,5370af43e4b0cff95558c12a
7178,60,5370af43e4b0cff95558c12a
7182,-61,5370af43e4b0cff95558c12a
7192,62,5370af43e4b0cff95558c12a
7196,-63,5370af43e4b0cff95558c12a
7208,63,5370af43e4b0cff95558c12a
7224,64,5370af43e4b0cff95558c12a
7254,-65,5370af43e4b0cff95558c12a
7258,-66,5370af43e4b0cff95558c12a
7262,-68,5370af43e4b0cff95558c12a
7264,-69,5370af43e4b0cff95558c12a
7268,-70,5370af43e4b0cff95558c12a
7272,-71,5370af43e4b0cff95558c12a
7280,-72,5370af43e4b0cff95558c12a
7290,-73,5370af43e4b0cff95558c12a
7304,-74,5370af43e4b0cff95558c12a
7306,-77,5370af43e4b0cff95558c12a
7310,-79,5370af43e4b0cff95558c12a
7318,-80,5370af43e4b0cff95558c12a
7324,-81,5370af43e4b0cff95558c12a
7326,-82,5370af43e4b0cff95558c12a
7328,-84,5370af43e4b0cff95558c12a
7330,-85,5370af43e4b0cff95558c12a
7340,259,5370af43e4b0cff95558c12a
7356,1,57bb2f0b3bae540003a8d453
7374,-3,57bb2f0b3bae540003a8d453
7376,3,57bb2f0b3bae540003a8d453
7390,4,57bb2f0b3bae540003a8d453
7394,5,57bb2f0b3bae540003a8d453
7406,6,57bb2f0b3bae540003a8d453
7410,8,57bb2f0b3bae540003a8d453
7418,10,57bb2f0b3bae540003a8d453
7428,11,57bb2f0b3bae540003a8d453
7430,12,57bb2f0b3bae540003a8d453
7448,16,57bb2f0b3bae540003a8d453
7450,21,57bb2f0b3bae540003a8d453
7452,22,57bb2f0b3bae540003a8d453
7460,23,57bb2f0b3bae540003a8d453
7470,25,57bb2f0b3bae540003a8d453
7474,28,57bb2f0b3bae540003a8d453
7482,29,57bb2f0b3bae540003a8d453
7484,30,57bb2f0b3bae540003a8d453
7486,31,57bb2f0b3bae540003a8d453
7506,32,57bb2f0b3bae540003a8d453
7536,34,57bb2f0b3bae540003a8d453
7538,36,57bb2f0b3bae540003a8d453
7542,38,57bb2f0b3bae540003a8d453
7570,39,57bb2f0b3bae540003a8d453
7572,40,57bb2f0b3bae540003a8d453
7574,41,57bb2f0b3bae540003a8d453
7578,43,57bb2f0b3bae540003a8d453
7600,44,57bb2f0b3bae540003a8d453
7608,45,57bb2f0b3bae540003a8d453
7626,49,57bb2f0b3bae540003a8d453
7630,50,57bb2f0b3bae540003a8d453
7644,53,57bb2f0b3bae540003a8d453
7652,54,57bb2f0b3bae540003a8d453
7656,58,57bb2f0b3bae540003a8d453
7658,60,57bb2f0b3bae540003a8d453
7668,61,57bb2f0b3bae540003a8d453
7672,62,57bb2f0b3bae540003a8d453
7674,63,57bb2f0b3bae540003a8d453
7678,67,57bb2f0b3bae540003a8d453
7692,68,57bb2f0b3bae540003a8d453
7700,76,57bb2f0b3bae540003a8d453
7710,80,57bb2f0b3bae540003a8d453
7718,83,57bb2f0b3bae540003a8d453
7726,84,57bb2f0b3bae540003a8d453
7728,85,57bb2f0b3bae540003a8d453
7742,91,57bb2f0b3bae540003a8d453
7750,93,57bb2f0b3bae540003a8d453
7762,95,57bb2f0b3bae540003a8d453
7768,97,57bb2f0b3bae540003a8d453
7774,99,57bb2f0b3bae540003a8d453
7790,100,57bb2f0b3bae540003a8d453
7792,101,57bb2f0b3bae540003a8d453
7794,102,57bb2f0b3bae540003a8d453
7822,105,57bb2f0b3bae540003a8d453
7830,107,57bb2f0b3bae540003a8d453
7840,111,57bb2f0b3bae540003a8d453
7868,114,57bb2f0b3bae540003a8d453
7870,115,57bb2f0b3bae540003a8d453
7888,118,57bb2f0b3bae540003a8d453
7896,120,57bb2f0b3bae540003a8d453
7902,122,57bb2f0b3bae540003a8d453
7914,125,57bb2f0b3bae540003a8d453
7938,131,57bb2f0b3bae540003a8d453
7942,132,57bb2f0b3bae540003a8d453
7966,139,57bb2f0b3bae540003a8d453
7968,140,57bb2f0b3bae540003a8d453
7990,142,57bb2f0b3bae540003a8d453
8000,150,57bb2f0b3bae540003a8d453
8014,151,57bb2f0b3bae540003a8d453
8016,152,57bb2f0b3bae540003a8d453
8046,156,57bb2f0b3bae540003a8d453
8050,158,57bb2f0b3bae540003a8d453
8054,161,57bb2f0b3bae540003a8d453
8060,162,57bb2f0b3bae540003a8d453
8064,163,57bb2f0b3bae540003a8d453
8070,164,57bb2f0b3bae540003a8d453
8100,165,57bb2f0b3bae540003a8d453
8116,166,57bb2f0b3bae540003a8d453
8126,167,57bb2f0b3bae540003a8d453
8128,2,567011c035dce00003a07fa4
8150,5,567011c035dce00003a07fa4
8166,9,567011c035dce00003a07fa4
8196,16,567011c035dce00003a07fa4
8202,17,567011c035dce00003a07fa4
8248,26,567011c035dce00003a07fa4
8272,28,567011c035dce00003a07fa4
8276,42,567011c035dce00003a07fa4
8310,52,567011c035dce00003a07fa4
8316,78,567011c035dce00003a07fa4
8320,81,567011c035dce00003a07fa4
8342,96,567011c035dce00003a07fa4
8362,101,567011c035dce00003a07fa4
8430,103,567011c035dce00003a07fa4
8432,104,567011c035dce00003a07fa4
8446,109,567011c035dce00003a07fa4
8484,113,567011c035dce00003a07fa4
8488,117,567011c035dce00003a07fa4
8500,118,567011c035dce00003a07fa4
8502,130,567011c035dce00003a07fa4
8634,132,567011c035dce00003a07fa4
8648,138,567011c035dce00003a07fa4
8670,143,567011c035dce00003a07fa4
8674,144,567011c035dce00003a07fa4
8748,150,567011c035dce00003a07fa4
8750,152,567011c035dce00003a07fa4
8754,155,567011c035dce00003a07fa4
8768,159,567011c035dce00003a07fa4
8782,160,567011c035dce00003a07fa4
8798,171,567011c035dce00003a07fa4
8800,189,567011c035dce00003a07fa4
8802,209,567011c035dce00003a07fa4
8818,210,567011c035dce00003a07fa4
8976,211,567011c035dce00003a07fa4
8990,212,567011c035dce00003a07fa4
9074,213,567011c035dce00003a07fa4
9132,216,567011c035dce00003a07fa4
9138,218,567011c035dce00003a07fa4
9148,227,567011c035dce00003a07fa4
9152,228,567011c035dce00003a07fa4
9154,229,567011c035dce00003a07fa4
9168,230,567011c035dce00003a07fa4
9172,233,567011c035dce00003a07fa4
9174,234,567011c035dce00003a07fa4
9180,235,567011c035dce00003a07fa4
9188,4,552e2d00e4b066b42fd122ed
9200,22,552e2d00e4b066b42fd122ed
9202,27,552e2d00e4b066b42fd122ed
9222,33,552e2d00e4b066b42fd122ed
9232,1,574c423856b6300003009953
9324,-2,574c423856b6300003009953
9386,2,574c423856b6300003009953
9402,-3,574c423856b6300003009953
9458,3,574c423856b6300003009953
9486,-4,574c423856b6300003009953
9514,4,574c423856b6300003009953
9522,-5,574c423856b6300003009953
9526,5,574c423856b6300003009953
9546,6,574c423856b6300003009953
9566,7,574c423856b6300003009953
9624,8,574c423856b6300003009953
9696,9,574c423856b6300003009953
9706,13,574c423856b6300003009953
9708,15,574c423856b6300003009953
9744,19,574c423856b6300003009953
9776,20,574c423856b6300003009953
9777,22,574c423856b6300003009953
9781,23,574c423856b6300003009953
9783,25,574c423856b6300003009953
9795,26,574c423856b6300003009953
9805,27,574c423856b6300003009953
9861,30,574c423856b6300003009953
9917,34,574c423856b6300003009953
9959,36,574c423856b6300003009953
10013,37,574c423856b6300003009953
10019,39,574c423856b6300003009953
10059,40,574c423856b6300003009953
10099,42,574c423856b6300003009953
10111,45,574c423856b6300003009953
10219,53,574c423856b6300003009953
10235,54,574c423856b6300003009953
10239,55,574c423856b6300003009953
10289,67,574c423856b6300003009953
10297,68,574c423856b6300003009953
10323,69,574c423856b6300003009953
10387,71,574c423856b6300003009953
10391,75,574c423856b6300003009953
10437,78,574c423856b6300003009953
10461,80,574c423856b6300003009953
10471,81,574c423856b6300003009953
10473,83,574c423856b6300003009953
10481,85,574c423856b6300003009953
10497,87,574c423856b6300003009953
10563,89,574c423856b6300003009953
10569,94,574c423856b6300003009953
10571,96,574c423856b6300003009953
10599,97,574c423856b6300003009953
10641,98,574c423856b6300003009953
10647,100,574c423856b6300003009953
10655,101,574c423856b6300003009953
10661,102,574c423856b6300003009953
10699,104,574c423856b6300003009953
10715,109,574c423856b6300003009953
10795,113,574c423856b6300003009953
10801,114,574c423856b6300003009953
10825,115,574c423856b6300003009953
10877,116,574c423856b6300003009953
10901,117,574c423856b6300003009953
10957,118,574c423856b6300003009953
10969,124,574c423856b6300003009953
10975,125,574c423856b6300003009953
11001,128,574c423856b6300003009953
11003,129,574c423856b6300003009953
11025,130,574c423856b6300003009953
11041,131,574c423856b6300003009953
11053,133,574c423856b6300003009953
11059,136,574c423856b6300003009953
11089,138,574c423856b6300003009953
11091,139,574c423856b6300003009953
11095,144,574c423856b6300003009953
11097,146,574c423856b6300003009953
11111,1,57908a2622881200033b34d7
11153,2,57908a2622881200033b34d7
11173,3,57908a2622881200033b34d7
11203,8,57908a2622881200033b34d7
11263,9,57908a2622881200033b34d7
11321,17,57908a2622881200033b34d7
11323,23,57908a2622881200033b34d7
11327,30,57908a2622881200033b34d7
11329,79,57908a2622881200033b34d7
11335,4,54e52607e4b01191dc064966
11337,-5,54e52607e4b01191dc064966
11343,-6,54e52607e4b01191dc064966
11349,-11,54e52607e4b01191dc064966
11351,-13,54e52607e4b01191dc064966
11359,66,54e52607e4b01191dc064966
11367,17,54e52607e4b01191dc064966
11369,19,54e52607e4b01191dc064966
11427,21,54e52607e4b01191dc064966
11437,-22,54e52607e4b01191dc064966
11439,22,54e52607e4b01191dc064966
11443,-23,54e52607e4b01191dc064966
11463,24,54e52607e4b01191dc064966
11471,-25,54e52607e4b01191dc064966
11475,26,54e52607e4b01191dc064966
11477,28,54e52607e4b01191dc064966
11503,-30,54e52607e4b01191dc064966
11511,31,54e52607e4b01191dc064966
11521,38,54e52607e4b01191dc064966
12189,-43,54e52607e4b01191dc064966
12191,44,54e52607e4b01191dc064966
12355,-45,54e52607e4b01191dc064966
12359,47,54e52607e4b01191dc064966
12387,48,54e52607e4b01191dc064966
12389,-51,54e52607e4b01191dc064966
12393,51,54e52607e4b01191dc064966
12431,52,54e52607e4b01191dc064966
12473,55,54e52607e4b01191dc064966
12549,56,54e52607e4b01191dc064966
12583,58,54e52607e4b01191dc064966
12589,-61,54e52607e4b01191dc064966
12609,-62,54e52607e4b01191dc064966
12611,64,54e52607e4b01191dc064966
12621,67,54e52607e4b01191dc064966
12765,73,54e52607e4b01191dc064966
12769,74,54e52607e4b01191dc064966
12803,78,54e52607e4b01191dc064966
12805,80,54e52607e4b01191dc064966
12827,82,54e52607e4b01191dc064966
12835,-83,54e52607e4b01191dc064966
12847,85,54e52607e4b01191dc064966
12951,86,54e52607e4b01191dc064966
13005,88,54e52607e4b01191dc064966
13059,90,54e52607e4b01191dc064966
13065,92,54e52607e4b01191dc064966
13067,93,54e52607e4b01191dc064966
13069,95,54e52607e4b01191dc064966
13071,98,54e52607e4b01191dc064966
13079,101,54e52607e4b01191dc064966
13125,103,54e52607e4b01191dc064966
13137,110,54e52607e4b01191dc064966
13425,112,54e52607e4b01191dc064966
13673,113,54e52607e4b01191dc064966
13705,117,54e52607e4b01191dc064966
13783,129,54e52607e4b01191dc064966
13785,130,54e52607e4b01191dc064966
13821,132,54e52607e4b01191dc064966
13961,135,54e52607e4b01191dc064966
14015,141,54e52607e4b01191dc064966
14021,143,54e52607e4b01191dc064966
14029,146,54e52607e4b01191dc064966
14359,147,54e52607e4b01191dc064966
14491,148,54e52607e4b01191dc064966
14493,149,54e52607e4b01191dc064966
14539,151,54e52607e4b01191dc064966
14565,152,54e52607e4b01191dc064966
14625,153,54e52607e4b01191dc064966
14633,155,54e52607e4b01191dc064966
14637,156,54e52607e4b01191dc064966
14641,157,54e52607e4b01191dc064966
14727,158,54e52607e4b01191dc064966
14735,162,54e52607e4b01191dc064966
14755,165,54e52607e4b01191dc064966
15085,171,54e52607e4b01191dc064966
15099,173,54e52607e4b01191dc064966
15123,174,54e52607e4b01191dc064966
15137,177,54e52607e4b01191dc064966
15143,181,54e52607e4b01191dc064966
15211,185,54e52607e4b01191dc064966
15219,194,54e52607e4b01191dc064966
15437,196,54e52607e4b01191dc064966
15441,198,54e52607e4b01191dc064966
15445,201,54e52607e4b01191dc064966
15459,202,54e52607e4b01191dc064966
15461,204,54e52607e4b01191dc064966
15501,205,54e52607e4b01191dc064966
15631,207,54e52607e4b01191dc064966
15637,208,54e52607e4b01191dc064966
15897,209,54e52607e4b01191dc064966
16063,213,54e52607e4b01191dc064966
16167,214,54e52607e4b01191dc064966
16179,215,54e52607e4b01191dc064966
16185,219,54e52607e4b01191dc064966
16405,226,54e52607e4b01191dc064966
16575,237,54e52607e4b01191dc064966
16611,244,54e52607e4b01191dc064966
16613,253,54e52607e4b01191dc064966
16625,255,54e52607e4b01191dc064966
16631,263,54e52607e4b01191dc064966
16677,267,54e52607e4b01191dc064966
16739,270,54e52607e4b01191dc064966
17033,289,54e52607e4b01191dc064966
17057,293,54e52607e4b01191dc064966
17077,295,54e52607e4b01191dc064966
17101,328,54e52607e4b01191dc064966
17111,333,54e52607e4b01191dc064966
17113,433,54e52607e4b01191dc064966
17115,447,54e52607e4b01191dc064966
17117,461,54e52607e4b01191dc064966
17187,464,54e52607e4b01191dc064966
17329,467,54e52607e4b01191dc064966
17383,468,54e52607e4b01191dc064966
17389,475,54e52607e4b01191dc064966
17399,478,54e52607e4b01191dc064966
17401,479,54e52607e4b01191dc064966
17419,483,54e52607e4b01191dc064966
17547,491,54e52607e4b01191dc064966
17551,492,54e52607e4b01191dc064966
17627,499,54e52607e4b01191dc064966
17643,500,54e52607e4b01191dc064966
17759,551,54e52607e4b01191dc064966
17775,561,54e52607e4b01191dc064966
17861,562,54e52607e4b01191dc064966
17871,567,54e52607e4b01191dc064966
17873,575,54e52607e4b01191dc064966
17887,580,54e52607e4b01191dc064966
17889,581,54e52607e4b01191dc064966
17897,594,54e52607e4b01191dc064966
17931,596,54e52607e4b01191dc064966
17953,598,54e52607e4b01191dc064966
17957,613,54e52607e4b01191dc064966
17961,622,54e52607e4b01191dc064966
17973,624,54e52607e4b01191dc064966
17977,634,54e52607e4b01191dc064966
17991,637,54e52607e4b01191dc064966
17993,662,54e52607e4b01191dc064966
18009,679,54e52607e4b01191dc064966
18011,742,54e52607e4b01191dc064966
18039,744,54e52607e4b01191dc064966
18045,746,54e52607e4b01191dc064966
18047,753,54e52607e4b01191dc064966
18049,764,54e52607e4b01191dc064966
18055,768,54e52607e4b01191dc064966
18117,775,54e52607e4b01191dc064966
18119,819,54e52607e4b01191dc064966
18129,825,54e52607e4b01191dc064966
18227,827,54e52607e4b01191dc064966
18231,839,54e52607e4b01191dc064966
18235,857,54e52607e4b01191dc064966
18237,864,54e52607e4b01191dc064966
18247,866,54e52607e4b01191dc064966
18265,871,54e52607e4b01191dc064966
18329,872,54e52607e4b01191dc064966
18343,875,54e52607e4b01191dc064966
18363,883,54e52607e4b01191dc064966
18369,886,54e52607e4b01191dc064966
18373,947,54e52607e4b01191dc064966
18375,964,54e52607e4b01191dc064966
18385,966,54e52607e4b01191dc064966
18387,967,54e52607e4b01191dc064966
18391,968,54e52607e4b01191dc064966
18405,969,54e52607e4b01191dc064966
18409,970,54e52607e4b01191dc064966
18427,996,54e52607e4b01191dc064966
18435,999,54e52607e4b01191dc064966
18443,1,57dd2d6a4018d9000339ca43
18449,-2,57dd2d6a4018d9000339ca43
18467,2,57dd2d6a4018d9000339ca43
18469,3,57dd2d6a4018d9000339ca43
18471,-4,57dd2d6a4018d9000339ca43
18485,4,57dd2d6a4018d9000339ca43
18493,6,57dd2d6a4018d9000339ca43
18495,10,57dd2d6a4018d9000339ca43
18499,13,57dd2d6a4018d9000339ca43
18501,15,57dd2d6a4018d9000339ca43
18507,16,57dd2d6a4018d9000339ca43
18509,19,57dd2d6a4018d9000339ca43
18513,22,57dd2d6a4018d9000339ca43
18515,31,57dd2d6a4018d9000339ca43
18517,33,57dd2d6a4018d9000339ca43
18529,35,57dd2d6a4018d9000339ca43
18537,38,57dd2d6a4018d9000339ca43
18539,41,57dd2d6a4018d9000339ca43
18555,44,57dd2d6a4018d9000339ca43
18557,45,57dd2d6a4018d9000339ca43
18577,48,57dd2d6a4018d9000339ca43
18581,52,57dd2d6a4018d9000339ca43
18583,57,57dd2d6a4018d9000339ca43
18599,58,57dd2d6a4018d9000339ca43
18611,61,57dd2d6a4018d9000339ca43
18613,62,57dd2d6a4018d9000339ca43
18619,67,57dd2d6a4018d9000339ca43
18655,72,57dd2d6a4018d9000339ca43
18669,80,57dd2d6a4018d9000339ca43
18683,82,57dd2d6a4018d9000339ca43
18695,83,57dd2d6a4018d9000339ca43
18719,86,57dd2d6a4018d9000339ca43
18721,92,57dd2d6a4018d9000339ca43
18743,106,57dd2d6a4018d9000339ca43
18745,111,57dd2d6a4018d9000339ca43
18757,112,57dd2d6a4018d9000339ca43
18775,113,57dd2d6a4018d9000339ca43
18777,114,57dd2d6a4018d9000339ca43
18805,124,57dd2d6a4018d9000339ca43
18821,125,57dd2d6a4018d9000339ca43
18827,126,57dd2d6a4018d9000339ca43
18835,131,57dd2d6a4018d9000339ca43
18847,134,57dd2d6a4018d9000339ca43
18849,135,57dd2d6a4018d9000339ca43
18851,136,57dd2d6a4018d9000339ca43
18859,137,57dd2d6a4018d9000339ca43
18863,139,57dd2d6a4018d9000339ca43
18883,142,57dd2d6a4018d9000339ca43
18893,144,57dd2d6a4018d9000339ca43
18917,154,57dd2d6a4018d9000339ca43
18919,158,57dd2d6a4018d9000339ca43
18921,161,57dd2d6a4018d9000339ca43
18941,166,57dd2d6a4018d9000339ca43
18947,170,57dd2d6a4018d9000339ca43
18975,171,57dd2d6a4018d9000339ca43
18977,172,57dd2d6a4018d9000339ca43
18995,175,57dd2d6a4018d9000339ca43
19007,179,57dd2d6a4018d9000339ca43
19009,180,57dd2d6a4018d9000339ca43
19015,184,57dd2d6a4018d9000339ca43
19017,185,57dd2d6a4018d9000339ca43
19045,187,57dd2d6a4018d9000339ca43
19049,191,57dd2d6a4018d9000339ca43
19057,198,57dd2d6a4018d9000339ca43
19059,201,57dd2d6a4018d9000339ca43
19073,202,57dd2d6a4018d9000339ca43
19079,204,57dd2d6a4018d9000339ca43
19087,210,57dd2d6a4018d9000339ca43
19097,211,57dd2d6a4018d9000339ca43
19103,218,57dd2d6a4018d9000339ca43
19123,220,57dd2d6a4018d9000339ca43
19125,224,57dd2d6a4018d9000339ca43
19155,227,57dd2d6a4018d9000339ca43
19159,232,57dd2d6a4018d9000339ca43
19169,237,57dd2d6a4018d9000339ca43
19171,245,57dd2d6a4018d9000339ca43
19175,246,57dd2d6a4018d9000339ca43
19217,251,57dd2d6a4018d9000339ca43
19239,253,57dd2d6a4018d9000339ca43
19245,254,57dd2d6a4018d9000339ca43
19265,261,57dd2d6a4018d9000339ca43
19273,262,57dd2d6a4018d9000339ca43
19295,263,57dd2d6a4018d9000339ca43
19299,266,57dd2d6a4018d9000339ca43
19307,268,57dd2d6a4018d9000339ca43
19335,271,57dd2d6a4018d9000339ca43
19337,273,57dd2d6a4018d9000339ca43
19347,274,57dd2d6a4018d9000339ca43
19351,277,57dd2d6a4018d9000339ca43
19357,279,57dd2d6a4018d9000339ca43
19365,288,57dd2d6a4018d9000339ca43
19391,291,57dd2d6a4018d9000339ca43
19407,293,57dd2d6a4018d9000339ca43
19421,299,57dd2d6a4018d9000339ca43
19451,300,57dd2d6a4018d9000339ca43
19469,302,57dd2d6a4018d9000339ca43
19503,303,57dd2d6a4018d9000339ca43
19505,308,57dd2d6a4018d9000339ca43
19509,310,57dd2d6a4018d9000339ca43
19515,311,57dd2d6a4018d9000339ca43
19545,315,57dd2d6a4018d9000339ca43
19555,316,57dd2d6a4018d9000339ca43
19567,1,57d979b72a040a00036a8925
19585,3,57d979b72a040a00036a8925
19609,5,57d979b72a040a00036a8925
19621,7,57d979b72a040a00036a8925
19635,15,57d979b72a040a00036a8925
19641,17,57d979b72a040a00036a8925
19643,1,5641f96713664c000332c8cd
19891,2,5641f96713664c000332c8cd
19935,4,5641f96713664c000332c8cd
19959,6,5641f96713664c000332c8cd
20025,8,5641f96713664c000332c8cd
20043,9,5641f96713664c000332c8cd
20061,10,5641f96713664c000332c8cd
20073,11,5641f96713664c000332c8cd
20295,12,5641f96713664c000332c8cd
20297,13,5641f96713664c000332c8cd
20379,15,5641f96713664c000332c8cd
20421,16,5641f96713664c000332c8cd
20425,18,5641f96713664c000332c8cd
20427,19,5641f96713664c000332c8cd
20533,20,5641f96713664c000332c8cd
20567,21,5641f96713664c000332c8cd
20577,22,5641f96713664c000332c8cd
20595,23,5641f96713664c000332c8cd
20633,42,5641f96713664c000332c8cd
20655,45,5641f96713664c000332c8cd
20659,46,5641f96713664c000332c8cd
20661,48,5641f96713664c000332c8cd
20671,49,5641f96713664c000332c8cd
20679,51,5641f96713664c000332c8cd
20693,57,5641f96713664c000332c8cd
20695,59,5641f96713664c000332c8cd
20729,60,5641f96713664c000332c8cd
20761,61,5641f96713664c000332c8cd
20765,62,5641f96713664c000332c8cd
20799,65,5641f96713664c000332c8cd
20845,66,5641f96713664c000332c8cd
20847,68,5641f96713664c000332c8cd
20857,71,5641f96713664c000332c8cd
20917,75,5641f96713664c000332c8cd
20919,78,5641f96713664c000332c8cd
21015,79,5641f96713664c000332c8cd
21025,87,5641f96713664c000332c8cd
21065,88,5641f96713664c000332c8cd
21069,91,5641f96713664c000332c8cd
21071,93,5641f96713664c000332c8cd
21093,96,5641f96713664c000332c8cd
21099,98,5641f96713664c000332c8cd
21103,101,5641f96713664c000332c8cd
21109,102,5641f96713664c000332c8cd
21129,109,5641f96713664c000332c8cd
21133,110,5641f96713664c000332c8cd
21141,112,5641f96713664c000332c8cd
21149,115,5641f96713664c000332c8cd
21155,116,5641f96713664c000332c8cd
21163,121,5641f96713664c000332c8cd
21165,122,5641f96713664c000332c8cd
21169,123,5641f96713664c000332c8cd
21173,126,5641f96713664c000332c8cd
21177,127,5641f96713664c000332c8cd
21183,128,5641f96713664c000332c8cd
21185,135,5641f96713664c000332c8cd
21187,136,5641f96713664c000332c8cd
21213,138,5641f96713664c000332c8cd
21237,140,5641f96713664c000332c8cd
21267,143,5641f96713664c000332c8cd
21285,145,5641f96713664c000332c8cd
21313,147,5641f96713664c000332c8cd
21391,148,5641f96713664c000332c8cd
21489,149,5641f96713664c000332c8cd
21507,151,5641f96713664c000332c8cd
21509,152,5641f96713664c000332c8cd
21515,153,5641f96713664c000332c8cd
21517,154,5641f96713664c000332c8cd
21521,155,5641f96713664c000332c8cd
21539,156,5641f96713664c000332c8cd
21559,159,5641f96713664c000332c8cd
21617,161,5641f96713664c000332c8cd
21677,162,5641f96713664c000332c8cd
21685,164,5641f96713664c000332c8cd
21689,165,5641f96713664c000332c8cd
21719,166,5641f96713664c000332c8cd
21811,167,5641f96713664c000332c8cd
21813,174,5641f96713664c000332c8cd
21841,176,5641f96713664c000332c8cd
21847,178,5641f96713664c000332c8cd
21849,184,5641f96713664c000332c8cd
21903,187,5641f96713664c000332c8cd
21943,189,5641f96713664c000332c8cd
21957,191,5641f96713664c000332c8cd
21971,192,5641f96713664c000332c8cd
22047,194,5641f96713664c000332c8cd
22049,196,5641f96713664c000332c8cd
22051,202,5641f96713664c000332c8cd
22071,207,5641f96713664c000332c8cd
22113,209,5641f96713664c000332c8cd
22115,210,5641f96713664c000332c8cd
22127,219,5641f96713664c000332c8cd
22149,220,5641f96713664c000332c8cd
22159,223,5641f96713664c000332c8cd
22173,238,5641f96713664c000332c8cd
22175,239,5641f96713664c000332c8cd
22273,242,5641f96713664c000332c8cd
22355,243,5641f96713664c000332c8cd
22361,245,5641f96713664c000332c8cd
22367,250,5641f96713664c000332c8cd
22395,258,5641f96713664c000332c8cd
22419,261,5641f96713664c000332c8cd
22425,264,5641f96713664c000332c8cd
22435,266,5641f96713664c000332c8cd
22437,267,5641f96713664c000332c8cd
22439,268,5641f96713664c000332c8cd
22441,269,5641f96713664c000332c8cd
22443,270,5641f96713664c000332c8cd
22457,271,5641f96713664c000332c8cd
22461,272,5641f96713664c000332c8cd
22469,273,5641f96713664c000332c8cd
22473,277,5641f96713664c000332c8cd
22487,352,5641f96713664c000332c8cd
22503,360,5641f96713664c000332c8cd
22511,402,5641f96713664c000332c8cd
22547,416,5641f96713664c000332c8cd
22583,417,5641f96713664c000332c8cd
22589,418,5641f96713664c000332c8cd
22593,424,5641f96713664c000332c8cd
22597,6,56fd2b64f41c670003f643c8
22621,7,56fd2b64f41c670003f643c8
22671,8,56fd2b64f41c670003f643c8
22721,9,56fd2b64f41c670003f643c8
22725,11,56fd2b64f41c670003f643c8
22813,12,56fd2b64f41c670003f643c8
22823,14,56fd2b64f41c670003f643c8
22845,16,56fd2b64f41c670003f643c8
22863,20,56fd2b64f41c670003f643c8
22871,22,56fd2b64f41c670003f643c8
22907,25,56fd2b64f41c670003f643c8
23007,26,56fd2b64f41c670003f643c8
23011,27,56fd2b64f41c670003f643c8
23033,28,56fd2b64f41c670003f643c8
23181,29,56fd2b64f41c670003f643c8
23185,31,56fd2b64f41c670003f643c8
23213,34,56fd2b64f41c670003f643c8
23215,38,56fd2b64f41c670003f643c8
23249,39,56fd2b64f41c670003f643c8
23319,40,56fd2b64f41c670003f643c8
23419,41,56fd2b64f41c670003f643c8
23447,42,56fd2b64f41c670003f643c8
23463,46,56fd2b64f41c670003f643c8
23471,47,56fd2b64f41c670003f643c8
23495,48,56fd2b64f41c670003f643c8
23507,49,56fd2b64f41c670003f643c8
23509,50,56fd2b64f41c670003f643c8
23523,53,56fd2b64f41c670003f643c8
23527,57,56fd2b64f41c670003f643c8
23541,61,56fd2b64f41c670003f643c8
23557,66,56fd2b64f41c670003f643c8
23561,91,56fd2b64f41c670003f643c8
23565,94,56fd2b64f41c670003f643c8
23567,3,57c4aa7dbb8b5c000396fd3b
23583,4,57c4aa7dbb8b5c000396fd3b
23585,5,57c4aa7dbb8b5c000396fd3b
23589,6,57c4aa7dbb8b5c000396fd3b
23599,7,57c4aa7dbb8b5c000396fd3b
23603,8,57c4aa7dbb8b5c000396fd3b
23613,9,57c4aa7dbb8b5c000396fd3b
23645,11,57c4aa7dbb8b5c000396fd3b
23685,12,57c4aa7dbb8b5c000396fd3b
23737,15,57c4aa7dbb8b5c000396fd3b
23757,16,57c4aa7dbb8b5c000396fd3b
23781,17,57c4aa7dbb8b5c000396fd3b
23811,21,57c4aa7dbb8b5c000396fd3b
23829,22,57c4aa7dbb8b5c000396fd3b
23837,24,57c4aa7dbb8b5c000396fd3b
23897,26,57c4aa7dbb8b5c000396fd3b
23915,27,57c4aa7dbb8b5c000396fd3b
23917,28,57c4aa7dbb8b5c000396fd3b
23921,30,57c4aa7dbb8b5c000396fd3b
23937,31,57c4aa7dbb8b5c000396fd3b
23943,32,57c4aa7dbb8b5c000396fd3b
23947,34,57c4aa7dbb8b5c000396fd3b
23957,35,57c4aa7dbb8b5c000396fd3b
23975,36,57c4aa7dbb8b5c000396fd3b
24009,37,57c4aa7dbb8b5c000396fd3b
24011,38,57c4aa7dbb8b5c000396fd3b
24017,40,57c4aa7dbb8b5c000396fd3b
24021,41,57c4aa7dbb8b5c000396fd3b
24055,42,57c4aa7dbb8b5c000396fd3b
24057,43,57c4aa7dbb8b5c000396fd3b
24059,44,57c4aa7dbb8b5c000396fd3b
24065,45,57c4aa7dbb8b5c000396fd3b
24067,48,57c4aa7dbb8b5c000396fd3b
24068,49,57c4aa7dbb8b5c000396fd3b
24070,1,56e2a905e3b6fe0003e32855
24142,2,56e2a905e3b6fe0003e32855
24162,3,56e2a905e3b6fe0003e32855
24456,4,56e2a905e3b6fe0003e32855
24560,5,56e2a905e3b6fe0003e32855
24572,6,56e2a905e3b6fe0003e32855
24688,7,56e2a905e3b6fe0003e32855
24782,8,56e2a905e3b6fe0003e32855
24962,9,56e2a905e3b6fe0003e32855
25082,11,56e2a905e3b6fe0003e32855
25084,12,56e2a905e3b6fe0003e32855
25120,13,56e2a905e3b6fe0003e32855
25260,14,56e2a905e3b6fe0003e32855
25276,15,56e2a905e3b6fe0003e32855
25334,16,56e2a905e3b6fe0003e32855
25344,18,56e2a905e3b6fe0003e32855
25398,23,56e2a905e3b6fe0003e32855
25412,26,56e2a905e3b6fe0003e32855
25416,27,56e2a905e3b6fe0003e32855
25418,28,56e2a905e3b6fe0003e32855
25442,30,56e2a905e3b6fe0003e32855
25478,31,56e2a905e3b6fe0003e32855
25570,32,56e2a905e3b6fe0003e32855
25666,35,56e2a905e3b6fe0003e32855
25680,36,56e2a905e3b6fe0003e32855
25690,37,56e2a905e3b6fe0003e32855
25736,38,56e2a905e3b6fe0003e32855
25824,39,56e2a905e3b6fe0003e32855
25858,43,56e2a905e3b6fe0003e32855
25864,44,56e2a905e3b6fe0003e32855
25878,47,56e2a905e3b6fe0003e32855
25884,48,56e2a905e3b6fe0003e32855
25900,50,56e2a905e3b6fe0003e32855
25902,52,56e2a905e3b6fe0003e32855
25906,53,56e2a905e3b6fe0003e32855
25910,55,56e2a905e3b6fe0003e32855
25914,56,56e2a905e3b6fe0003e32855
25918,57,56e2a905e3b6fe0003e32855
25942,58,56e2a905e3b6fe0003e32855
25950,77,56e2a905e3b6fe0003e32855
25952,96,56e2a905e3b6fe0003e32855
25964,98,56e2a905e3b6fe0003e32855
25972,99,56e2a905e3b6fe0003e32855
25978,101,56e2a905e3b6fe0003e32855
25980,34,57fcf18712cdbd000396e310
25984,38,57fcf18712cdbd000396e310
25998,1,57d1eb86a22c9d0003dd1f05
26024,2,57d1eb86a22c9d0003dd1f05
26072,19,57d1eb86a22c9d0003dd1f05
26100,5,57d1eb86a22c9d0003dd1f05
26102,6,57d1eb86a22c9d0003dd1f05
26114,7,57d1eb86a22c9d0003dd1f05
26120,8,57d1eb86a22c9d0003dd1f05
26138,14,57d1eb86a22c9d0003dd1f05
26142,15,57d1eb86a22c9d0003dd1f05
26160,16,57d1eb86a22c9d0003dd1f05
26184,17,57d1eb86a22c9d0003dd1f05
26218,18,57d1eb86a22c9d0003dd1f05
26256,20,57d1eb86a22c9d0003dd1f05
26294,22,57d1eb86a22c9d0003dd1f05
26310,24,57d1eb86a22c9d0003dd1f05
26324,25,57d1eb86a22c9d0003dd1f05
26326,26,57d1eb86a22c9d0003dd1f05
26332,27,57d1eb86a22c9d0003dd1f05
26338,28,57d1eb86a22c9d0003dd1f05
26354,29,57d1eb86a22c9d0003dd1f05
26356,30,57d1eb86a22c9d0003dd1f05
26370,33,57d1eb86a22c9d0003dd1f05
26384,34,57d1eb86a22c9d0003dd1f05
26394,35,57d1eb86a22c9d0003dd1f05
26424,36,57d1eb86a22c9d0003dd1f05
26450,38,57d1eb86a22c9d0003dd1f05
26470,40,57d1eb86a22c9d0003dd1f05
26474,42,57d1eb86a22c9d0003dd1f05
26476,43,57d1eb86a22c9d0003dd1f05
26498,44,57d1eb86a22c9d0003dd1f05
26500,45,57d1eb86a22c9d0003dd1f05
26504,47,57d1eb86a22c9d0003dd1f05
26518,5,574c5ade56b6300003009965
26524,7,574c5ade56b6300003009965
26548,8,574c5ade56b6300003009965
26562,9,574c5ade56b6300003009965
26582,11,574c5ade56b6300003009965
26594,12,574c5ade56b6300003009965
26614,14,574c5ade56b6300003009965
26656,16,574c5ade56b6300003009965
26664,17,574c5ade56b6300003009965
26694,19,574c5ade56b6300003009965
26732,20,574c5ade56b6300003009965
26746,22,574c5ade56b6300003009965
26760,23,574c5ade56b6300003009965
26776,25,574c5ade56b6300003009965
26778,26,574c5ade56b6300003009965
26780,27,574c5ade56b6300003009965
26792,28,574c5ade56b6300003009965
26832,29,574c5ade56b6300003009965
26834,30,574c5ade56b6300003009965
26848,32,574c5ade56b6300003009965
26854,34,574c5ade56b6300003009965
26856,35,574c5ade56b6300003009965
26868,38,574c5ade56b6300003009965
26872,39,574c5ade56b6300003009965
26930,42,574c5ade56b6300003009965
26936,46,574c5ade56b6300003009965
26938,47,574c5ade56b6300003009965
26940,49,574c5ade56b6300003009965
26952,51,574c5ade56b6300003009965
26988,52,574c5ade56b6300003009965
26990,53,574c5ade56b6300003009965
27034,54,574c5ade56b6300003009965
27036,55,574c5ade56b6300003009965
27038,56,574c5ade56b6300003009965
27078,57,574c5ade56b6300003009965
27080,58,574c5ade56b6300003009965
27166,59,574c5ade56b6300003009965
27188,60,574c5ade56b6300003009965
27234,66,574c5ade56b6300003009965
27244,69,574c5ade56b6300003009965
27276,70,574c5ade56b6300003009965
27288,71,574c5ade56b6300003009965
27292,73,574c5ade56b6300003009965
27300,78,574c5ade56b6300003009965
27332,81,574c5ade56b6300003009965
27334,86,574c5ade56b6300003009965
27340,94,574c5ade56b6300003009965
27396,96,574c5ade56b6300003009965
27404,99,574c5ade56b6300003009965
27410,100,574c5ade56b6300003009965
27418,101,574c5ade56b6300003009965
27420,103,574c5ade56b6300003009965
27450,104,574c5ade56b6300003009965
27466,107,574c5ade56b6300003009965
27470,109,574c5ade56b6300003009965
27502,112,574c5ade56b6300003009965
27508,117,574c5ade56b6300003009965
27640,119,574c5ade56b6300003009965
27646,120,574c5ade56b6300003009965
27660,121,574c5ade56b6300003009965
27662,122,574c5ade56b6300003009965
27680,123,574c5ade56b6300003009965
27688,124,574c5ade56b6300003009965
27700,128,574c5ade56b6300003009965
27714,130,574c5ade56b6300003009965
27808,131,574c5ade56b6300003009965
27812,138,574c5ade56b6300003009965
27814,140,574c5ade56b6300003009965
27824,141,574c5ade56b6300003009965
27856,147,574c5ade56b6300003009965
27870,150,574c5ade56b6300003009965
27888,153,574c5ade56b6300003009965
27942,154,574c5ade56b6300003009965
27948,155,574c5ade56b6300003009965
27952,158,574c5ade56b6300003009965
27956,160,574c5ade56b6300003009965
27960,161,574c5ade56b6300003009965
27986,162,574c5ade56b6300003009965
28034,164,574c5ade56b6300003009965
28042,165,574c5ade56b6300003009965
28044,166,574c5ade56b6300003009965
28116,167,574c5ade56b6300003009965
28166,168,574c5ade56b6300003009965
28180,169,574c5ade56b6300003009965
28192,170,574c5ade56b6300003009965
28254,171,574c5ade56b6300003009965
28282,176,574c5ade56b6300003009965
28298,177,574c5ade56b6300003009965
28314,181,574c5ade56b6300003009965
28344,182,574c5ade56b6300003009965
28374,186,574c5ade56b6300003009965
28376,187,574c5ade56b6300003009965
28406,191,574c5ade56b6300003009965
28410,195,574c5ade56b6300003009965
28418,197,574c5ade56b6300003009965
28434,201,574c5ade56b6300003009965
28538,205,574c5ade56b6300003009965
28558,206,574c5ade56b6300003009965
28566,208,574c5ade56b6300003009965
28598,210,574c5ade56b6300003009965
28608,211,574c5ade56b6300003009965
28612,217,574c5ade56b6300003009965
28614,226,574c5ade56b6300003009965
28642,229,574c5ade56b6300003009965
28646,235,574c5ade56b6300003009965
28658,244,574c5ade56b6300003009965
28664,247,574c5ade56b6300003009965
28680,250,574c5ade56b6300003009965
28686,251,574c5ade56b6300003009965
28752,257,574c5ade56b6300003009965
28754,258,574c5ade56b6300003009965
28758,259,574c5ade56b6300003009965
28760,261,574c5ade56b6300003009965
28792,262,574c5ade56b6300003009965
28798,266,574c5ade56b6300003009965
28804,267,574c5ade56b6300003009965
28810,275,574c5ade56b6300003009965
28812,277,574c5ade56b6300003009965
28816,278,574c5ade56b6300003009965
29006,286,574c5ade56b6300003009965
29030,288,574c5ade56b6300003009965
29054,289,574c5ade56b6300003009965
29084,290,574c5ade56b6300003009965
29104,291,574c5ade56b6300003009965
29130,293,574c5ade56b6300003009965
29164,301,574c5ade56b6300003009965
29172,307,574c5ade56b6300003009965
29180,308,574c5ade56b6300003009965
29182,315,574c5ade56b6300003009965
29208,316,574c5ade56b6300003009965
29228,317,574c5ade56b6300003009965
29230,322,574c5ade56b6300003009965
29254,325,574c5ade56b6300003009965
29256,328,574c5ade56b6300003009965
29288,337,574c5ade56b6300003009965
29300,340,574c5ade56b6300003009965
29304,341,574c5ade56b6300003009965
29320,342,574c5ade56b6300003009965
29358,344,574c5ade56b6300003009965
29396,345,574c5ade56b6300003009965
29406,347,574c5ade56b6300003009965
29408,349,574c5ade56b6300003009965
29460,351,574c5ade56b6300003009965
29464,352,574c5ade56b6300003009965
29474,354,574c5ade56b6300003009965
29488,356,574c5ade56b6300003009965
29504,360,574c5ade56b6300003009965
29526,361,574c5ade56b6300003009965
29530,362,574c5ade56b6300003009965
29578,370,574c5ade56b6300003009965
29606,371,574c5ade56b6300003009965
29608,373,574c5ade56b6300003009965
29628,375,574c5ade56b6300003009965
29636,376,574c5ade56b6300003009965
29668,379,574c5ade56b6300003009965
29672,380,574c5ade56b6300003009965
29698,382,574c5ade56b6300003009965
29738,383,574c5ade56b6300003009965
29740,384,574c5ade56b6300003009965
29742,386,574c5ade56b6300003009965
29744,28,53a2dd43e4b01cc02f1e9011
29848,34,53a2dd43e4b01cc02f1e9011
29900,40,53a2dd43e4b01cc02f1e9011
29908,65,53a2dd43e4b01cc02f1e9011
29976,67,53a2dd43e4b01cc02f1e9011
30006,72,53a2dd43e4b01cc02f1e9011
30014,82,53a2dd43e4b01cc02f1e9011
30110,100,53a2dd43e4b01cc02f1e9011
30146,102,53a2dd43e4b01cc02f1e9011
30300,127,53a2dd43e4b01cc02f1e9011
30468,133,53a2dd43e4b01cc02f1e9011
30786,141,53a2dd43e4b01cc02f1e9011
30972,146,53a2dd43e4b01cc02f1e9011
30982,147,53a2dd43e4b01cc02f1e9011
31006,161,53a2dd43e4b01cc02f1e9011
31078,167,53a2dd43e4b01cc02f1e9011
31208,168,53a2dd43e4b01cc02f1e9011
31228,180,53a2dd43e4b01cc02f1e9011
31232,182,53a2dd43e4b01cc02f1e9011
31242,185,53a2dd43e4b01cc02f1e9011
31312,188,53a2dd43e4b01cc02f1e9011
31344,26,56ae7b02f1ef260003e3072c
31346,-2,57ac8b23be7fe30003e656d0
31348,3,57ac8b23be7fe30003e656d0
31364,-4,57ac8b23be7fe30003e656d0
31390,-5,57ac8b23be7fe30003e656d0
31396,13,57ac8b23be7fe30003e656d0
31398,24,57ac8b23be7fe30003e656d0
31400,31,57ac8b23be7fe30003e656d0
31406,32,57ac8b23be7fe30003e656d0
31410,33,57ac8b23be7fe30003e656d0
31422,35,57ac8b23be7fe30003e656d0
31424,38,57ac8b23be7fe30003e656d0
31434,45,57ac8b23be7fe30003e656d0
31436,50,57ac8b23be7fe30003e656d0
31440,53,57ac8b23be7fe30003e656d0
31466,61,57ac8b23be7fe30003e656d0
31500,64,57ac8b23be7fe30003e656d0
31502,69,57ac8b23be7fe30003e656d0
31512,70,57ac8b23be7fe30003e656d0
31514,71,57ac8b23be7fe30003e656d0
31516,73,57ac8b23be7fe30003e656d0
31518,77,57ac8b23be7fe30003e656d0
31548,82,57ac8b23be7fe30003e656d0
31558,94,57ac8b23be7fe30003e656d0
31562,95,57ac8b23be7fe30003e656d0
31578,98,57ac8b23be7fe30003e656d0
31580,99,57ac8b23be7fe30003e656d0
31588,100,57ac8b23be7fe30003e656d0
31592,103,57ac8b23be7fe30003e656d0
31596,104,57ac8b23be7fe30003e656d0
31608,105,57ac8b23be7fe30003e656d0
31610,106,57ac8b23be7fe30003e656d0
31620,107,57ac8b23be7fe30003e656d0
31622,116,57ac8b23be7fe30003e656d0
31634,119,57ac8b23be7fe30003e656d0
31640,124,57ac8b23be7fe30003e656d0
31644,126,57ac8b23be7fe30003e656d0
31650,143,57ac8b23be7fe30003e656d0
31662,144,57ac8b23be7fe30003e656d0
31702,147,57ac8b23be7fe30003e656d0
31724,148,57ac8b23be7fe30003e656d0
31732,151,57ac8b23be7fe30003e656d0
31750,152,57ac8b23be7fe30003e656d0
31758,153,57ac8b23be7fe30003e656d0
31760,156,57ac8b23be7fe30003e656d0
31764,157,57ac8b23be7fe30003e656d0
31766,160,57ac8b23be7fe30003e656d0
31774,161,57ac8b23be7fe30003e656d0
31776,169,57ac8b23be7fe30003e656d0
31778,178,57ac8b23be7fe30003e656d0
31780,182,57ac8b23be7fe30003e656d0
31784,184,57ac8b23be7fe30003e656d0
31786,185,57ac8b23be7fe30003e656d0
31788,187,57ac8b23be7fe30003e656d0
31796,196,57ac8b23be7fe30003e656d0
31798,197,57ac8b23be7fe30003e656d0
31800,200,57ac8b23be7fe30003e656d0
31802,202,57ac8b23be7fe30003e656d0
31804,203,57ac8b23be7fe30003e656d0
31820,210,57ac8b23be7fe30003e656d0
31844,211,57ac8b23be7fe30003e656d0
31846,215,57ac8b23be7fe30003e656d0
31852,217,57ac8b23be7fe30003e656d0
31856,218,57ac8b23be7fe30003e656d0
31860,223,57ac8b23be7fe30003e656d0
31864,225,57ac8b23be7fe30003e656d0
31870,226,57ac8b23be7fe30003e656d0
31874,227,57ac8b23be7fe30003e656d0
31890,233,57ac8b23be7fe30003e656d0
31894,234,57ac8b23be7fe30003e656d0
31896,235,57ac8b23be7fe30003e656d0
31906,238,57ac8b23be7fe30003e656d0
31912,239,57ac8b23be7fe30003e656d0
31922,250,57ac8b23be7fe30003e656d0
31924,252,57ac8b23be7fe30003e656d0
31926,253,57ac8b23be7fe30003e656d0
31942,254,57ac8b23be7fe30003e656d0
31956,259,57ac8b23be7fe30003e656d0
31960,268,57ac8b23be7fe30003e656d0
31962,269,57ac8b23be7fe30003e656d0
31964,275,57ac8b23be7fe30003e656d0
31980,281,57ac8b23be7fe30003e656d0
31986,284,57ac8b23be7fe30003e656d0
31996,1,5742d699f839a10003a407d2
32040,187,5742d699f839a10003a407d2
32058,2,5742d699f839a10003a407d2
32066,4,5742d699f839a10003a407d2
32072,5,5742d699f839a10003a407d2
32088,6,5742d699f839a10003a407d2
32112,7,5742d699f839a10003a407d2
32126,8,5742d699f839a10003a407d2
32130,9,5742d699f839a10003a407d2
32134,10,5742d699f839a10003a407d2
32154,11,5742d699f839a10003a407d2
32186,12,5742d699f839a10003a407d2
32220,13,5742d699f839a10003a407d2
32226,17,5742d699f839a10003a407d2
32230,18,5742d699f839a10003a407d2
32256,19,5742d699f839a10003a407d2
32270,21,5742d699f839a10003a407d2
32294,24,5742d699f839a10003a407d2
32296,25,5742d699f839a10003a407d2
32310,28,5742d699f839a10003a407d2
32350,29,5742d699f839a10003a407d2
32358,30,5742d699f839a10003a407d2
32400,31,5742d699f839a10003a407d2
32484,33,5742d699f839a10003a407d2
32518,34,5742d699f839a10003a407d2
32532,38,5742d699f839a10003a407d2
32648,39,5742d699f839a10003a407d2
32670,40,5742d699f839a10003a407d2
32700,41,5742d699f839a10003a407d2
32716,42,5742d699f839a10003a407d2
32718,43,5742d699f839a10003a407d2
32720,44,5742d699f839a10003a407d2
32730,45,5742d699f839a10003a407d2
32734,46,5742d699f839a10003a407d2
32764,47,5742d699f839a10003a407d2
32768,49,5742d699f839a10003a407d2
32818,50,5742d699f839a10003a407d2
32848,51,5742d699f839a10003a407d2
32874,56,5742d699f839a10003a407d2
32984,60,5742d699f839a10003a407d2
33014,62,5742d699f839a10003a407d2
33042,63,5742d699f839a10003a407d2
33046,64,5742d699f839a10003a407d2
33104,66,5742d699f839a10003a407d2
33116,68,5742d699f839a10003a407d2
33134,71,5742d699f839a10003a407d2
33136,73,5742d699f839a10003a407d2
33196,74,5742d699f839a10003a407d2
33202,75,5742d699f839a10003a407d2
33232,76,5742d699f839a10003a407d2
33242,79,5742d699f839a10003a407d2
33266,83,5742d699f839a10003a407d2
33346,84,5742d699f839a10003a407d2
33354,87,5742d699f839a10003a407d2
33404,88,5742d699f839a10003a407d2
33420,89,5742d699f839a10003a407d2
33494,90,5742d699f839a10003a407d2
33586,91,5742d699f839a10003a407d2
33642,94,5742d699f839a10003a407d2
33648,95,5742d699f839a10003a407d2
33650,96,5742d699f839a10003a407d2
33748,97,5742d699f839a10003a407d2
33802,98,5742d699f839a10003a407d2
33844,99,5742d699f839a10003a407d2
33934,101,5742d699f839a10003a407d2
33938,103,5742d699f839a10003a407d2
33960,104,5742d699f839a10003a407d2
33996,105,5742d699f839a10003a407d2
34014,106,5742d699f839a10003a407d2
34052,107,5742d699f839a10003a407d2
34078,109,5742d699f839a10003a407d2
34092,110,5742d699f839a10003a407d2
34100,111,5742d699f839a10003a407d2
34148,112,5742d699f839a10003a407d2
34176,113,5742d699f839a10003a407d2
34196,114,5742d699f839a10003a407d2
34272,115,5742d699f839a10003a407d2
34302,116,5742d699f839a10003a407d2
34316,119,5742d699f839a10003a407d2
34320,120,5742d699f839a10003a407d2
34336,122,5742d699f839a10003a407d2
34370,123,5742d699f839a10003a407d2
34380,124,5742d699f839a10003a407d2
34394,126,5742d699f839a10003a407d2
34396,127,5742d699f839a10003a407d2
34406,132,5742d699f839a10003a407d2
34430,133,5742d699f839a10003a407d2
34438,134,5742d699f839a10003a407d2
34458,135,5742d699f839a10003a407d2
34460,141,5742d699f839a10003a407d2
34478,143,5742d699f839a10003a407d2
34488,144,5742d699f839a10003a407d2
34508,145,5742d699f839a10003a407d2
34512,146,5742d699f839a10003a407d2
34550,147,5742d699f839a10003a407d2
34552,148,5742d699f839a10003a407d2
34560,150,5742d699f839a10003a407d2
34628,151,5742d699f839a10003a407d2
34668,152,5742d699f839a10003a407d2
34686,153,5742d699f839a10003a407d2
34738,154,5742d699f839a10003a407d2
34760,155,5742d699f839a10003a407d2
34772,156,5742d699f839a10003a407d2
34776,157,5742d699f839a10003a407d2
34778,158,5742d699f839a10003a407d2
34882,163,5742d699f839a10003a407d2
34900,164,5742d699f839a10003a407d2
34908,169,5742d699f839a10003a407d2
34916,173,5742d699f839a10003a407d2
34926,174,5742d699f839a10003a407d2
34928,180,5742d699f839a10003a407d2
34946,181,5742d699f839a10003a407d2
34980,182,5742d699f839a10003a407d2
34996,188,5742d699f839a10003a407d2
35042,189,5742d699f839a10003a407d2
35044,192,5742d699f839a10003a407d2
35060,194,5742d699f839a10003a407d2
35074,199,5742d699f839a10003a407d2
35078,212,5742d699f839a10003a407d2
35080,256,57d956302a040a00036a8905
35084,259,57d956302a040a00036a8905
35118,6,57d956302a040a00036a8905
35138,9,57d956302a040a00036a8905
35140,266,57d956302a040a00036a8905
35142,269,57d956302a040a00036a8905
35148,14,57d956302a040a00036a8905
35156,24,57d956302a040a00036a8905
35168,281,57d956302a040a00036a8905
35192,284,57d956302a040a00036a8905
35250,287,57d956302a040a00036a8905
35262,33,57d956302a040a00036a8905
35268,290,57d956302a040a00036a8905
35296,34,57d956302a040a00036a8905
35304,291,57d956302a040a00036a8905
35308,292,57d956302a040a00036a8905
35312,293,57d956302a040a00036a8905
35314,37,57d956302a040a00036a8905
35358,41,57d956302a040a00036a8905
35380,297,57d956302a040a00036a8905
35382,43,57d956302a040a00036a8905
35398,52,57d956302a040a00036a8905
35436,55,57d956302a040a00036a8905
35438,58,57d956302a040a00036a8905
35454,62,57d956302a040a00036a8905
35456,63,57d956302a040a00036a8905
35460,65,57d956302a040a00036a8905
35462,67,57d956302a040a00036a8905
35518,70,57d956302a040a00036a8905
35532,73,57d956302a040a00036a8905
35538,88,57d956302a040a00036a8905
35544,90,57d956302a040a00036a8905
35596,92,57d956302a040a00036a8905
35600,93,57d956302a040a00036a8905
35602,105,57d956302a040a00036a8905
35624,119,57d956302a040a00036a8905
35626,121,57d956302a040a00036a8905
35636,123,57d956302a040a00036a8905
35644,125,57d956302a040a00036a8905
35656,126,57d956302a040a00036a8905
35660,128,57d956302a040a00036a8905
35676,129,57d956302a040a00036a8905
35682,130,57d956302a040a00036a8905
35690,134,57d956302a040a00036a8905
35708,137,57d956302a040a00036a8905
35722,138,57d956302a040a00036a8905
35726,140,57d956302a040a00036a8905
35730,144,57d956302a040a00036a8905
35740,149,57d956302a040a00036a8905
35780,164,57d956302a040a00036a8905
35784,169,57d956302a040a00036a8905
35808,171,57d956302a040a00036a8905
35820,172,57d956302a040a00036a8905
35822,173,57d956302a040a00036a8905
35832,182,57d956302a040a00036a8905
35834,191,57d956302a040a00036a8905
35838,193,57d956302a040a00036a8905
35852,194,57d956302a040a00036a8905
35862,202,57d956302a040a00036a8905
35864,204,57d956302a040a00036a8905
35894,211,57d956302a040a00036a8905
35936,219,57d956302a040a00036a8905
35960,221,57d956302a040a00036a8905
36012,228,57d956302a040a00036a8905
36016,234,57d956302a040a00036a8905
36040,240,57d956302a040a00036a8905
36048,243,57d956302a040a00036a8905
36068,244,57d956302a040a00036a8905
36080,249,57d956302a040a00036a8905
36088,250,57d956302a040a00036a8905
36144,251,57d956302a040a00036a8905
